Country Name,Country Code,1990,1991,1992,1993,1994,1995,1996,1997,1998,1999,2000,2001,2002,2003,2004,2005,2006,2007,2008,2009,2010,2011,2012,2013,2014,2015,2016,2017,2018,2019,2020,2021
Afghanistan,AFG,12084.4,12084.4,12084.4,12084.4,12084.4,12084.4,12084.4,12084.4,12084.4,12084.4,12084.4,12084.4,12084.4,12084.4,12084.4,12084.4,12084.4,12084.4,12084.4,12084.4,12084.4,12084.4,12084.4,12084.4,12084.4,12084.4,12084.4,12084.4,12084.4,12084.4,12084.4,12084.4
Albania,ALB,7888,7868.5,7849,7829.5,7810,7790.5,7771,7751.5,7732,7712.5,7693,7705.77,7718.54,7731.31,7744.08,7756.85,7769.62,7782.39,7795.16,7807.93,7820.7,7834.935,7849.17,7863.405,7877.64,7891.875,7891.8,7889.025,7889,7889,7889,7889
Algeria,DZA,16670,16582,16494,16406,16318,16230,16142,16054,15966,15878,15790,16129,16468,16807,17146,17485,17824,18163,18502,18841,19180,19256,19332,19408,19484,19560,19560,19430,19300,19390,19490,19583.333
American Samoa,ASM,180.7,180.36,180.02,179.68,179.34,179,178.66,178.32,177.98,177.64,177.3,177,176.7,176.4,176.1,175.8,175.5,175.2,174.9,174.6,174.3,174,173.7,173.4,173.1,172.8,172.5,172.2,171.9,171.6,171.3,171
Andorra,AND,160,160,160,160,160,160,160,160,160,160,160,160,160,160,160,160,160,160,160,160,160,160,160,160,160,160,160,160,160,160,160,160
Angola,AGO,792627.8,791073.63,789519.46,787965.29,786411.12,784856.95,783302.78,781748.61,780194.44,778640.27,777086.1,771535.49,765984.88,760434.27,754883.66,749333.05,743782.44,738231.83,732681.22,727130.61,721580,716029.38,710478.76,704928.14,699377.52,693826.9,688276.2,682725.7,677175.1,671624.4,666073.8,660523.133
Antigua and Barbuda,ATG,101.1,100.44,99.78,99.12,98.46,97.8,97.14,96.48,95.82,95.16,94.5,93.83,93.16,92.49,91.82,91.15,90.48,89.81,89.14,88.47,87.8,87.14,86.48,85.82,85.16,84.5,83.8,83.2,82.5,81.8,81.2,80.533
Argentina,ARG,352040,350214,348388,346562,344736,342910,341084,339258,337432,335606,333780,330616,327452,324288,321124,317960,314796,311632,308468,305304,302140,299906,297672,295438,293204,290970,290100,288990,287910,286810,285730,284636.667
Armenia,ARM,,,3343.12,3341.03,3338.94,3336.85,3334.76,3332.67,3330.58,3328.49,3326.4,3324.32,3322.24,3320.16,3318.08,3316,3313.92,3311.84,3309.76,3307.68,3305.6,3303.52,3301.44,3299.36,3297.28,3295.2,3293.1,3291,3288.9,3286.8,3284.7,3282.6
Aruba,ABW,4.2,4.2,4.2,4.2,4.2,4.2,4.2,4.2,4.2,4.2,4.2,4.2,4.2,4.2,4.2,4.2,4.2,4.2,4.2,4.2,4.2,4.2,4.2,4.2,4.2,4.2,4.2,4.2,4.2,4.2,4.2,4.2
Australia,AUS,1338822,1336753.9,1334685.8,1332617.7,1330549.6,1328481.5,1326413.4,1324345.3,1322277.2,1320209.1,1318141,1315873,1313605,1311337,1309069,1306801,1304533,1302265,1299997,1297729,1295461,1302557.8,1309654.6,1316751.4,1323848.2,1330945,1340372,1340174,1340051,1340051,1340051,1340051
Austria,AUT,37756.7,37819.17,37881.64,37944.11,38006.58,38069.05,38131.52,38193.99,38256.46,38318.93,38381.4,38406.46,38431.52,38456.58,38481.64,38506.7,38531.76,38556.82,38581.88,38606.94,38632,38667.98,38703.96,38739.94,38775.92,38811.9,38847.9,38883.8,38919.7,38955.6,38991.5,39027.4
Azerbaijan,AZE,,,9532.36,9574.84,9617.32,9659.8,9702.28,9744.76,9787.24,9829.72,9872.2,9917.475,9962.749,10008.024,10053.298,10098.573,10143.848,10189.122,10234.397,10279.671,10324.946,10415.731,10506.515,10597.3,10688.085,10778.87,10874.752,10971.848,11087.15,11202.4,11317.7,11432.967
"Bahamas, The",BHS,5098.6,5098.6,5098.6,5098.6,5098.6,5098.6,5098.6,5098.6,5098.6,5098.6,5098.6,5098.6,5098.6,5098.6,5098.6,5098.6,5098.6,5098.6,5098.6,5098.6,5098.6,5098.6,5098.6,5098.6,5098.6,5098.6,5098.6,5098.6,5098.6,5098.6,5098.6,5098.6
Bahrain,BHR,2.2,2.35,2.5,2.65,2.8,2.95,3.1,3.25,3.4,3.55,3.7,3.85,4,4.15,4.3,4.45,4.6,4.75,4.9,5.05,5.2,5.36,5.52,5.68,5.84,6,6.2,6.4,6.6,6.8,7,7.2
Bangladesh,BGD,19203.3,19203.298,19203.296,19203.294,19203.292,19203.29,19203.289,19203.287,19203.285,19203.283,19203.281,19171.295,19139.309,19107.323,19075.337,19043.351,19011.365,18979.379,18947.393,18915.406,18883.42,18873.536,18863.652,18853.768,18843.884,18834,18834,18834,18834,18834,18834,18834
Barbados,BRB,63,63,63,63,63,63,63,63,63,63,63,63,63,63,63,63,63,63,63,63,63,63,63,63,63,63,63,63,63,63,63,63
Belarus,BLR,,,78786,79279,79772,80265,80758,81251,81744,82237,82730,83087,83444,83801,84158,84515,84872,85229,85586,85943,86300,86307,86314,86321,86328,86335,87096,87241,87386,87531,87676,87821
Belgium,BEL,,,,,,,,,,,6673,6695.57,6718.14,6740.71,6763.28,6785.85,6808.42,6830.99,6853.56,6876.13,6898.7,6897.56,6896.42,6895.28,6894.14,6893,6893,6893,6893,6893,6893,6893
Belize,BLZ,16000.3,15859.57,15718.84,15578.11,15437.38,15296.65,15155.92,15015.19,14874.46,14733.73,14593,14525.09,14457.18,14389.27,14321.36,14253.45,14185.54,14117.63,14049.72,13981.81,13913.9,13796.78,13679.66,13562.54,13445.42,13328.3,13216.8,13105.2,12993.7,12882.1,12770.5,12658.9
Benin,BEN,48351.5,47651.5,46951.5,46251.5,45551.5,44851.5,44151.5,43451.5,42751.5,42051.5,41351.5,40851.5,40351.5,39851.5,39351.5,38851.5,38351.5,37851.5,37351.5,36851.5,36351.5,35851.5,35351.5,34851.5,34351.5,33851.5,33351.5,32851.5,32351.5,31851.5,31351.5,30851.5
Bermuda,BMU,10,10,10,10,10,10,10,10,10,10,10,10,10,10,10,10,10,10,10,10,10,10,10,10,10,10,10,10,10,10,10,10
Bhutan,BTN,25067.2,25166.48,25265.76,25365.04,25464.32,25563.6,25662.88,25762.16,25861.44,25960.72,26060,26159.29,26258.58,26357.87,26457.16,26556.45,26655.74,26755.03,26854.32,26953.61,27052.9,27072.68,27092.46,27112.24,27132.02,27151.8,27171.6,27191.4,27211.2,27231,27250.8,27270.6
Bolivia,BOL,578047.2,575343.87,572640.54,569937.21,567233.88,564530.55,561827.22,559123.89,556420.56,553717.23,551013.9,548998.52,546983.14,544967.76,542952.38,540937,538921.62,536906.24,534890.86,532875.48,530860.1,528742.52,526624.94,524507.36,522389.78,520272.2,517506.8,514922.2,512532.4,510337.6,508337.6,506207.733
Bosnia and Herzegovina,BIH,,,21903.3,21804.95,21706.6,21608.25,21509.9,21411.55,21313.2,21214.85,21116.5,21107.51,21098.52,21089.53,21080.54,21071.55,21062.56,21053.57,21044.58,21035.59,21026.6,21142.28,21257.96,21373.64,21489.32,21605,21765.1,21879.1,21879.1,21879.1,21879.1,21879.1
Botswana,BWA,188037,186854,185671,184488,183305,182122,180939,179756,178573,177390,176207,175024,173841,172658,171475,170292,169109,167926,166743,165560,164377,163194,162011,160828,159645,158462,157279,156096,154913,153730,152547,151364
Brazil,BRA,5888980,5851170.6,5813361.2,5775551.8,5737742.4,5699933,5662123.6,5624314.2,5586504.8,5548695.4,5510886,5471378.1,5431870.2,5392362.3,5352854.4,5313346.5,5273838.6,5234330.7,5194822.8,5155314.9,5115807,5100415.2,5085023.4,5069631.6,5054239.8,5038848,5020821,5000916,4990514,4977985,4966196,4953913.667
British Virgin Islands,VGB,37.1,37.06,37.02,36.98,36.94,36.9,36.86,36.82,36.78,36.74,36.7,36.67,36.64,36.61,36.58,36.55,36.52,36.49,36.46,36.43,36.4,36.36,36.32,36.28,36.24,36.2,36.2,36.2,36.2,36.2,36.2,36.2
Brunei Darussalam,BRN,4130,4114,4098,4082,4066,4050,4034,4018,4002,3986,3970,3953,3936,3919,3902,3885,3868,3851,3834,3817,3800,3800,3800,3800,3800,3800,3800,3800,3800,3800,3800,3800
Bulgaria,BGR,33270,33318,33366,33414,33462,33510,33558,33606,33654,33702,33750,34112,34474,34836,35198,35560,35922,36284,36646,37008,37370,37562,37754,37946,38138,38330,38410,38540,38670,38800,38930,39060
Burkina Faso,BFA,77166,76665.9,76165.8,75665.7,75165.6,74665.5,74165.4,73665.3,73165.2,72665.1,72165,71665,71165,70665,70165,69665,69165,68665,68165,67665,67165,66664.8,66164.6,65664.4,65164.2,64664,64164,63664,63164,62664,62164,61664
Burundi,BDI,2764.8,2682.26,2599.72,2517.18,2434.64,2352.1,2269.56,2187.02,2104.48,2021.94,1939.4,1939.4,1939.4,1939.4,1939.4,1939.4,1939.4,1939.4,1939.4,1939.4,1939.4,2110.8,2282.2,2453.6,2625,2796.4,2796.4,2796.4,2796.4,2796.4,2796.4,2796.4
Cabo Verde,CPV,153.8,178.14,202.48,226.82,251.16,275.5,299.84,324.18,348.52,372.86,397.2,400.2,403.2,406.2,409.2,412.2,415.2,418.2,421.2,424.2,427.2,430.2,433.2,436.2,439.2,442.2,445.2,448.2,451.2,454.2,457.2,460.2
Cambodia,KHM,110047.9,109824.11,109600.32,109376.53,109152.74,108928.95,108705.16,108481.37,108257.58,108033.79,107810,107618.23,107426.46,107234.69,107042.92,106851.15,106659.38,106467.61,106275.84,106084.07,105892.3,102407.48,98922.66,95437.84,91953.02,88468.2,86911.3,85354.4,83797.5,82240.6,80683.7,79126.8
Cameroon,CMR,225000,224097.49,223194.98,222292.47,221389.96,220487.45,219584.94,218682.43,217779.92,216877.41,215974.9,215277.89,214580.88,213883.87,213186.86,212489.85,211792.84,211095.83,210398.82,209701.81,209004.8,208444.8,207884.8,207324.8,206764.8,206204.8,205644.8,205084.8,204524.8,203964.8,203404.8,202844.8
Canada,CAN,3482729.3,3482258.34,3481787.38,3481316.42,3480845.46,3480374.5,3479903.54,3479432.58,3478961.62,3478490.66,3478019.7,3477539.94,3477060.18,3476580.42,3476100.66,3475620.9,3475141.14,3474661.38,3474181.62,3473701.86,3473222.1,3472809.1,3472396.1,3471983.1,3471570.1,3471157.1,3470760.4,3470390.5,3470020.7,3469650.8,3469281,3468911.133
Cayman Islands,CYM,131.3,131.1,130.9,130.7,130.5,130.3,130.1,129.9,129.7,129.5,129.3,129.09,128.88,128.67,128.46,128.25,128.04,127.83,127.62,127.41,127.2,127.2,127.2,127.2,127.2,127.2,127.2,127.2,128.1,127.2,127.2,126.6
Central African Republic,CAF,232030,231730,231430,231130,230830,230530,230230,229930,229630,229330,229030,228730,228430,228130,227830,227530,227230,226930,226630,226330,226030,225730,225430,225130,224830,224530,224230,223930,223630,223330,223030,222730
Chad,TCD,67300,66923,66546,66169,65792,65415,65038,64661,64284,63907,63530,62707,61884,61061,60238,59415,58592,57769,56946,56123,55300,54020,52740,51460,50180,48900,47690,46510,45350,44220,43130,42013.333
Channel Islands,CHI,8.3,8.3,8.3,8.3,8.3,8.3,8.3,8.3,8.3,8.3,8.3,8.49,8.68,8.87,9.06,9.25,9.44,9.63,9.82,10.01,10.2,10.2,10.2,10.2,10.2,10.2,10.2,10.2,10.2,10.2,10.2,10.2
Chile,CHL,152460.5,153031.51,153602.52,154173.53,154744.54,155315.55,155886.56,156457.57,157028.58,157599.59,158170.6,159078.8,159987,160895.2,161803.4,162711.6,163619.8,164528,165436.2,166344.4,167252.6,168994.24,170735.88,172477.52,174219.16,175960.8,177190.1,178419.4,179648.7,180878,182107,183336.2
China,CHN,1571405.9,1591265.86,1611125.82,1630985.78,1650845.74,1670705.7,1690565.66,1710425.62,1730285.58,1750145.54,1770005.5,1793615.33,1817225.16,1840834.99,1864444.82,1888054.65,1911664.48,1935274.31,1958884.14,1982493.97,2006103.8,2025471.54,2044839.28,2064207.02,2083574.76,2102942.5,2124598.67,2143394.7,2162190.4,2180986.1,2199781.8,2218577.5
Colombia,COL,649581.4,647358.76,645136.12,642913.48,640690.84,638468.2,636245.56,634022.92,631800.28,629577.64,627355,625427.29,623499.58,621571.87,619644.16,617716.45,615788.74,613861.03,611933.32,610005.61,608077.9,606731.64,605385.38,604039.12,602692.86,601346.6,599594.9,597397.7,595404.8,593412,591419.1,589426.267
Comoros,COM,460.6,456.22,451.84,447.46,443.08,438.7,434.32,429.94,425.56,421.18,416.8,412.42,408.04,403.66,399.28,394.9,390.52,386.14,381.76,377.38,373,368.62,364.24,359.86,355.48,351.1,346.7,342.3,338,333.6,329.2,324.8
"Congo, Dem. Rep.",COD,1506290,1499560,1492830,1486100,1479370,1472640,1465910,1459180,1452450,1445720,1438990,1432260,1425530,1418800,1412070,1405340,1398610,1391880,1385150,1378420,1371690,1360676.24,1349662.48,1338648.72,1327634.96,1316621.2,1305607.4,1294593.7,1283579.9,1272566.1,1261552.4,1250538.633
"Congo, Rep.",COG,223150,223030,222910,222790,222670,222550,222430,222310,222190,222070,221950,221830,221710,221590,221470,221350,221230,221110,220990,220870,220750,220630,220510,220390,220270,220150,220030,219910,219760,219610,219460,219310
Costa Rica,CRI,29074,29023.82,28973.64,28923.46,28873.28,28823.1,28772.92,28722.74,28672.56,28622.38,28572.2,28586.18,28600.16,28614.14,28628.12,28642.1,28656.08,28670.06,28684.04,28698.02,28712,28875.66,29039.32,29202.98,29366.64,29530.3,29694,29857.7,30021.3,30185,30348.7,30512.4
Cote d'Ivoire,CIV,78508.6,75752.19,72995.78,70239.37,67482.96,64726.55,61970.14,59213.73,56457.32,53700.91,50944.5,49815.63,48686.76,47557.89,46429.02,45300.15,44171.28,43042.41,41913.54,40784.67,39655.8,38526.94,37398.08,36269.22,35140.36,34011.5,32882.6,31753.7,30624.8,29496,28367.1,27238.267
Croatia,HRV,,,18570,18605,18640,18675,18710,18745,18780,18815,18850,18885,18920,18955,18990,19025,19060,19095,19130,19165,19200,19204,19208,19212,19216,19220,19241.202,19316.084,19341.1,19366.1,19391.1,19416.1
Cuba,CUB,20580,20957,21334,21711,22088,22465,22842,23219,23596,23973,24350,24847,25344,25841,26338,26835,27332,27829,28326,28823,29320,29824,30328,30832,31336,31840,32410,32420,32420,32420,32420,32420
Curacao,CUW,,,,,,,,,,,,,,,,,,,,,,0.7,0.7,0.7,0.7,0.7,0.7,0.7,0.7,0.7,0.7,0.7
Cyprus,CYP,1611.1,1621.6,1632.1,1642.6,1653.1,1663.6,1674.1,1684.6,1695.1,1705.6,1716.1,1717.33,1718.56,1719.79,1721.02,1722.25,1723.48,1724.71,1725.94,1727.17,1728.4,1728.14,1727.88,1727.62,1727.36,1727.1,1726.1,1725.9,1725.7,1725.5,1725.3,1725.1
Czechia,CZE,,,,26317.81,26325.68,26333.55,26341.42,26349.29,26357.16,26365.03,26372.9,26392.99,26413.08,26433.17,26453.26,26473.35,26493.44,26513.53,26533.62,26553.71,26573.8,26595.82,26617.84,26639.86,26661.88,26683.9,26698.5,26716.6,26734.7,26752.8,26770.9,26789
Denmark,DNK,5314.4,5354.56,5394.72,5434.88,5475.04,5515.2,5555.36,5595.52,5635.68,5675.84,5716,5730.89,5745.78,5760.67,5775.56,5790.45,5805.34,5820.23,5835.12,5850.01,5864.9,5941.28,6017.66,6094.04,6170.42,6246.8,6246.6,6256,6265.6,6275,6284.4,6293.8
Djibouti,DJI,56,56,56,56,56,56,56,56,56,56,56,56,56,56,56,56,56,56,56,56,56,56,56,56,56,56,56,56.1,56.4,57,58,58.733
Dominica,DMA,503.1,500.66,498.22,495.78,493.34,490.9,488.46,486.02,483.58,481.14,478.7,478.7,478.7,478.7,478.7,478.7,478.7,478.7,478.7,478.7,478.7,478.7,478.7,478.7,478.7,478.7,478.7,478.7,478.7,478.7,478.7,478.7
Dominican Republic,DOM,15948.9,16326.48,16704.06,17081.64,17459.22,17836.8,18214.38,18591.96,18969.54,19347.12,19724.7,19825.35,19926,20026.65,20127.3,20227.95,20328.6,20429.25,20529.9,20630.55,20731.2,20792.26,20853.32,20914.38,20975.44,21036.5,21117.4,21198.3,21279.2,21360.1,21441,21521.9
Ecuador,ECU,146322.1,145420.39,144518.68,143616.97,142715.26,141813.55,140911.84,140010.13,139108.42,138206.71,137305,136602.69,135900.38,135198.07,134495.76,133793.45,133091.14,132388.83,131686.52,130984.21,130281.9,129863.88,129445.86,129027.84,128609.82,128191.8,127549.1,126906.4,126263.7,125621,124978.3,124335.6
"Egypt, Arab Rep.",EGY,438.1,453.5,468.9,484.3,499.7,515.1,530.5,545.9,561.3,576.7,592.1,598.53,604.96,611.39,617.82,624.25,630.68,637.11,643.54,649.97,656.4,621.96,587.52,553.08,518.64,484.2,449.8,449.8,449.8,449.8,449.8,449.8
El Salvador,SLV,7188.8,7143.8,7098.8,7053.8,7008.8,6963.8,6918.8,6873.8,6828.8,6783.8,6738.8,6693.8,6648.8,6603.8,6558.8,6513.8,6468.8,6423.8,6378.8,6333.8,6288.8,6243.8,6198.8,6153.8,6108.8,6063.8,6018.8,5973.8,5928.8,5883.8,5838.8,5793.8
Equatorial Guinea,GNQ,26991.5,26907.93,26824.36,26740.79,26657.22,26573.65,26490.08,26406.51,26322.94,26239.37,26155.8,26072.23,25988.66,25905.09,25821.52,25737.95,25654.38,25570.81,25487.24,25403.67,25320.1,25236.52,25152.94,25069.36,24985.78,24902.2,24818.6,24735,24651.4,24567.8,24484.2,24400.6
Eritrea,ERI,,,,11405.8,11374.2,11342.6,11311,11279.4,11247.8,11216.2,11184.6,11153,11121.4,11089.8,11058.2,11026.6,10995,10963.4,10931.8,10900.2,10868.6,10837,10805.4,10773.8,10742.2,10710.6,10679,10647.4,10615.8,10584.2,10552.6,10521
Estonia,EST,,,22124.98,22157.97,22190.96,22223.95,22256.94,22289.93,22322.92,22355.91,22388.9,22486.03,22583.16,22680.29,22777.42,22874.55,22971.68,23068.81,23165.94,23263.07,23360.2,23530.18,23700.16,23870.14,24040.12,24210.1,24212.5,24384,24384,24384,24384,24384
Eswatini,SWZ,4611.4,4623.54,4635.68,4647.82,4659.96,4672.1,4684.24,4696.38,4708.52,4720.66,4732.8,4744.95,4757.1,4769.25,4781.4,4793.55,4805.7,4817.85,4830,4842.15,4854.3,4866.44,4878.58,4890.72,4902.86,4915,4927.2,4939.3,4951.4,4963.5,4975.6,4987.7
Ethiopia,ETH,204085.6,203324,202562.4,190395,189665,188935,188205,187475,186745,186015,185285,184555,183825,183095,182365,181635,180905,180175,179445,178715,177985,177255,176525,175795,175065,174335,173605,172875,172145,171415,170685,169955
Faroe Islands,FRO,0.8,0.8,0.8,0.8,0.8,0.8,0.8,0.8,0.8,0.8,0.8,0.8,0.8,0.8,0.8,0.8,0.8,0.8,0.8,0.8,0.8,0.8,0.8,0.8,0.8,0.8,0.8,0.8,0.8,0.8,0.8,0.8
Fiji,FJI,9396.9,9463.68,9530.46,9597.24,9664.02,9730.8,9797.58,9864.36,9931.14,9997.92,10064.7,10131.47,10198.24,10265.01,10331.78,10398.55,10465.32,10532.09,10598.86,10665.63,10732.4,10799.16,10865.92,10932.68,10999.44,11066.2,11133,11199.8,11266.6,11333.4,11400.2,11467
Finland,FIN,218753.3,219323.61,219893.92,220464.23,221034.54,221604.85,222175.16,222745.47,223315.78,223886.09,224456.4,224252.76,224049.12,223845.48,223641.84,223438.2,223234.56,223030.92,222827.28,222623.64,222420,222754,223088,223422,223756,224090,224090,224090,224090,224090,224090,224090
France,FRA,144360,145212,146064,146916,147768,148620,149472,150324,151176,152028,152880,154011,155142,156273,157404,158535,159666,160797,161928,163059,164190,165024,165858,166692,167526,168360,169194,170028,170862,171696,172530,173364
French Polynesia,PYF,1444.3,1448.42,1452.54,1456.66,1460.78,1464.9,1469.02,1473.14,1477.26,1481.38,1485.5,1486.41,1487.32,1488.23,1489.14,1490.05,1490.96,1491.87,1492.78,1493.69,1494.6,1494.6,1494.6,1494.6,1494.6,1494.6,1494.6,1494.6,1494.6,1494.6,1494.6,1494.6
Gabon,GAB,237616.2,237554.58,237492.96,237431.34,237369.72,237308.1,237246.48,237184.86,237123.24,237061.62,237000,236949.41,236898.82,236848.23,236797.64,236747.05,236696.46,236645.87,236595.28,236544.69,236494.1,236375.28,236256.46,236137.64,236018.82,235900,235781.2,235662.4,235543.6,235424.8,235306,235187.2
"Gambia, The",GMB,4146.6,4089.27,4031.94,3974.61,3917.28,3859.95,3802.62,3745.29,3687.96,3630.63,3573.3,3515.97,3458.64,3401.31,3343.98,3286.65,3229.32,3171.99,3114.66,3057.33,3000,2942.68,2885.36,2828.04,2770.72,2713.4,2656,2598.7,2541.4,2484,2426.7,2369.333
Georgia,GEO,,,27539.6,27547.9,27556.2,27564.5,27572.8,27581.1,27589.4,27597.7,27606,27667.8,27729.6,27791.4,27853.2,27915,27976.8,28038.6,28100.4,28162.2,28224,28224,28224,28224,28224,28224,28224,28224,28224,28224,28224,28224
Germany,DEU,113000,113054,113108,113162,113216,113270,113324,113378,113432,113486,113540,113595,113650,113705,113760,113815,113870,113925,113980,114035,114090,114110,114130,114150,114170,114190,114190,114190,114190,114190,114190,114190
Ghana,GHA,99242.6,98166.95,97091.3,96015.65,94940,93864.35,92788.7,91713.05,90637.4,89561.75,88486.1,87580.42,86674.74,85769.06,84863.38,83957.7,83052.02,82146.34,81240.66,80334.98,79429.3,79304.32,79179.34,79054.36,78929.38,78804.4,79222.4,79640.4,79712.6,79784.8,79857.1,79929.333
Gibraltar,GIB,0,0,0,0,0,0,0,0,0,0,0,0,0,0,0,0,0,0,0,0,0,0,0,0,0,0,0,0,0,0,0,0
Greece,GRC,32985.51,33287.189,33588.867,33890.546,34192.224,34493.903,34795.582,35097.26,35398.939,35700.617,36002.296,36303.869,36605.443,36907.016,37208.59,37510.163,37811.736,38113.31,38414.883,38716.457,39018.03,39018.03,39018.03,39018.03,39018.03,39018.03,39018,39018,39018,39018,39018,39018
Greenland,GRL,2.2,2.2,2.2,2.2,2.2,2.2,2.2,2.2,2.2,2.2,2.2,2.2,2.2,2.2,2.2,2.2,2.2,2.2,2.2,2.2,2.2,2.2,2.2,2.2,2.2,2.2,2.2,2.2,2.2,2.2,2.2,2.2
Grenada,GRD,177,177,177,177,177,177,177,177,177,177,177,177,177,177,177,177,177,177,177,177,177,177,177,177,177,177,177,177,177,177,177,177
Guam,GUM,240,240,240,240,240,240,240,240,240,240,240,240,240,240,240,240,240,240,240,240,240,242,244,246,248,250,280,280,280,280,280,280
Guatemala,GTM,47812,47240,46668,46096,45524,44952,44380,43808,43236,42664,42092,41605.4,41118.8,40632.2,40145.6,39659,39172.4,38685.8,38199.2,37712.6,37226,36952.4,36678.8,36405.2,36131.6,35858,35742,35626,35510,35394,35278,35162
Guinea,GIN,72760,72413,72066,71719,71372,71025,70678,70331,69984,69637,69290,68930,68570,68210,67850,67490,67130,66770,66410,66050,65690,65330,64970,64610,64250,63890,63490,63090,62690,62290,61890,61490
Guinea-Bissau,GNB,22333.3,22248.85,22164.4,22079.95,21995.5,21911.05,21826.6,21742.15,21657.7,21573.25,21488.8,21404.35,21319.9,21235.45,21151,21066.55,20982.1,20897.65,20813.2,20728.75,20644.3,20559.86,20475.42,20390.98,20306.54,20222.1,20137.7,20053.3,19968.9,19884.5,19800.1,19715.7
Guyana,GUY,186021.5,185983.57,185945.64,185907.71,185869.78,185831.85,185793.92,185755.99,185718.06,185680.13,185642.2,185597.79,185553.38,185508.97,185464.56,185420.15,185375.74,185331.33,185286.92,185242.51,185198.1,185081.2,184964.3,184847.4,184730.5,184613.6,184521.6,184429.5,184337.5,184245.4,184153.4,184061.333
Haiti,HTI,3829.2,3826.93,3824.66,3822.39,3820.12,3817.85,3815.58,3813.31,3811.04,3808.77,3806.5,3804.23,3801.96,3799.69,3797.42,3795.15,3792.88,3790.61,3788.34,3786.07,3783.8,3752.74,3721.68,3690.62,3659.56,3628.5,3597.4,3566.3,3535.2,3504.1,3473,3441.9
Honduras,HND,69877.8,69668.29,69458.78,69249.27,69039.76,68830.25,68620.74,68411.23,68201.72,67992.21,67782.7,67579.9,67377.1,67174.3,66971.5,66768.7,66565.9,66363.1,66160.3,65957.5,65754.7,65531.42,65308.14,65084.86,64861.58,64638.3,64430.5,64221.1,64011.6,63802.1,63592.6,63383.1
Hungary,HUN,18139,18246.27,18353.54,18460.81,18568.08,18675.35,18782.62,18889.89,18997.16,19104.43,19211.7,19336.92,19462.14,19587.36,19712.58,19837.8,19963.02,20088.24,20213.46,20338.68,20463.9,20492.76,20521.62,20550.48,20579.34,20608.2,20587.3,20572.7,20559.2,20544.7,20530.1,20515.567
Iceland,ISL,170.7,183.46,196.22,208.98,221.74,234.5,247.26,260.02,272.78,285.54,298.3,313.14,327.98,342.82,357.66,372.5,387.34,402.18,417.02,431.86,446.7,453.68,460.66,467.64,474.62,481.6,486.6,493.8,500.4,506.9,513.5,520.033
India,IND,639380,643033,646686,650339,653992,657645,661298,664951,668604,672257,675910,677815,679720,681625,683530,685435,687340,689245,691150,693055,694960,697624,700288,702952,705616,708280,710944,713608,716272,718936,721600,724264
Indonesia,IDN,1185450,1168185,1150920,1133655,1116390,1099125,1081860,1064595,1047330,1030065,1012800,1011179.2,1009558.4,1007937.6,1006316.8,1004696,1003075.2,1001454.4,999833.6,998212.8,996592,987329.4,978066.8,968804.2,959541.6,950279,952718,939498,933442.7,927387.3,921332,915276.633
"Iran, Islamic Rep.",IRN,90760.6,91010.2,91259.8,91509.4,91759,92008.6,92258.2,92507.8,92757.4,93007,93256.6,94622.92,95989.24,97355.56,98721.88,100088.2,101454.52,102820.84,104187.16,105553.48,106919.8,106919.8,106919.8,106919.8,106919.8,106919.8,107020.8,107105.9,107270.3,107434.7,107518.7,107656.3
Iraq,IRQ,8040,8054,8068,8082,8096,8110,8124,8138,8152,8166,8180,8187,8194,8201,8208,8215,8222,8229,8236,8243,8250,8250,8250,8250,8250,8250,8250,8250,8250,8250,8250,8250
Ireland,IRL,4616.4,4785.12,4953.84,5122.56,5291.28,5460,5628.72,5797.44,5966.16,6134.88,6303.6,6393.62,6483.64,6573.66,6663.68,6753.7,6843.72,6933.74,7023.76,7113.78,7203.8,7272.38,7340.96,7409.54,7478.12,7546.7,7623.5,7700.2,7740.2,7780.2,7820.2,7860.2
Isle of Man,IMN,34.6,34.6,34.6,34.6,34.6,34.6,34.6,34.6,34.6,34.6,34.6,34.6,34.6,34.6,34.6,34.6,34.6,34.6,34.6,34.6,34.6,34.6,34.6,34.6,34.6,34.6,34.6,34.6,34.6,34.6,34.6,34.6
Israel,ISR,1320,1341,1362,1383,1404,1425,1446,1467,1488,1509,1530,1531,1532,1533,1534,1535,1536,1537,1538,1539,1540,1562,1584,1606,1628,1650,1400,1400,1400,1400,1400,1400
Italy,ITA,75897.5,76677,77456.5,78236,79015.5,79795,80574.5,81354,82133.5,82913,83692.5,84351.29,85010.08,85668.87,86327.66,86986.45,87645.24,88304.03,88962.82,89621.61,90280.4,90818.48,91356.56,91894.64,92432.72,92970.8,93508.9,94047,94585.1,95123.2,95661.3,96199.4
Jamaica,JAM,5212.8,5212.52,5212.24,5211.96,5211.68,5211.4,5211.12,5210.84,5210.56,5210.28,5210,5247.45,5284.9,5322.35,5359.8,5397.25,5434.7,5472.15,5509.6,5547.05,5584.5,5622.52,5660.54,5698.56,5736.58,5774.6,5813.4,5852.3,5891.2,5930,5968.9,6007.733
Japan,JPN,249500,249426,249352,249278,249204,249130,249056,248982,248908,248834,248760,248850,248940,249030,249120,249210,249300,249390,249480,249570,249660,249616,249572,249528,249484,249440,249400,249350,249350,249350,249350,249350
Jordan,JOR,975,975,975,975,975,975,975,975,975,975,975,975,975,975,975,975,975,975,975,975,975,975,975,975,975,975,975,975,975,975,975,975
Kazakhstan,KAZ,,,31611.81,31606.491,31601.172,31595.853,31590.534,31585.215,31579.896,31574.577,31569.258,31494.512,31419.765,31345.019,31270.273,31195.527,31120.78,31046.034,30971.288,30896.541,30821.795,31274.349,31726.902,32179.455,32632.009,33084.562,33377.1,33669.6,33962.012,34254.4,34546.8,34839.192
Kenya,KEN,38585.4,38688.05,38790.7,38893.35,38996,39098.65,39201.3,39303.95,39406.6,39509.25,39611.9,39267.05,38922.2,38577.35,38232.5,37887.65,37542.8,37197.95,36853.1,36508.25,36163.4,35975.54,35787.68,35599.82,35411.96,35224.1,35519.7,35815.3,36110.9,36110.9,36110.9,36110.9
Kiribati,KIR,11.8,11.8,11.8,11.8,11.8,11.8,11.8,11.8,11.8,11.8,11.8,11.8,11.8,11.8,11.8,11.8,11.8,11.8,11.8,11.8,11.8,11.8,11.8,11.8,11.8,11.8,11.8,11.8,11.8,11.8,11.8,11.8
"Korea, Dem. People's Rep.",PRK,69120.3,68662.96,68205.62,67748.28,67290.94,66833.6,66376.26,65918.92,65461.58,65004.24,64546.9,64334.6,64122.3,63910,63697.7,63485.4,63273.1,63060.8,62848.5,62636.2,62423.9,62211.6,61999.3,61787,61574.7,61362.4,61150.1,60937.8,60725.5,60513.2,60300.9,60088.6
"Korea, Rep.",KOR,65510,65435,65360,65285,65210,65135,65060,64985,64910,64835,64760,64671,64582,64493,64404,64315,64226,64137,64048,63959,63870,63770,63670,63570,63470,63370,63250,63170,63070,62970,62870,62770
Kuwait,KWT,34.5,35.9,37.3,38.7,40.1,41.5,42.9,44.3,45.7,47.1,48.5,49.9,51.3,52.7,54.1,55.5,56.9,58.3,59.7,61.1,62.5,62.5,62.5,62.5,62.5,62.5,62.5,62.5,62.5,62.5,62.5,62.5
Kyrgyz Republic,KGZ,,,11453.18,11497.658,11542.135,11586.613,11631.09,11675.567,11720.045,11764.523,11809,11857.78,11906.56,11955.34,12004.12,12052.9,12101.68,12150.46,12199.24,12248.02,12296.8,12341.06,12385.32,12429.58,12473.84,12518.1,12562.4,12606.642,12789,12971.4,13153.8,13336.2
Lao PDR,LAO,178430,178012,177594,177176,176758,176340,175922,175504,175086,174668,174250,173765.5,173281,172796.5,172312,171827.5,171343,170858.5,170374,169889.5,169405,169060,168715,168370,168025,167680,167335,166990,166645,166300,165955,165610
Latvia,LVA,,,31866,31934,32002,32070,32138,32206,32274,32342,32410,32541.12,32672.24,32803.36,32934.48,33065.6,33196.72,33327.84,33458.96,33590.08,33721.2,33759.84,33798.48,33837.12,33875.76,33914.4,33953.1,33991.8,34030.5,34069.2,34107.9,34146.6
Lebanon,LBN,1397,1395.48,1393.96,1392.44,1390.92,1389.4,1387.88,1386.36,1384.84,1383.32,1381.8,1380.97,1380.14,1379.31,1378.48,1377.65,1376.82,1375.99,1375.16,1374.33,1373.5,1379.46,1385.42,1391.38,1397.34,1403.3,1409.3,1415.3,1421.3,1427.3,1433.3,1439.3
Lesotho,LSO,345.2,345.2,345.2,345.2,345.2,345.2,345.2,345.2,345.2,345.2,345.2,345.2,345.2,345.2,345.2,345.2,345.2,345.2,345.2,345.2,345.2,345.2,345.2,345.2,345.2,345.2,345.2,345.2,345.2,345.2,345.2,345.2
Liberia,LBR,85252.4,84949.8,84647.2,84344.6,84042,83739.4,83436.8,83134.2,82831.6,82529,82226.4,81923.8,81621.2,81318.6,81016,80713.4,80410.8,80108.2,79805.6,79503,79200.4,78897.8,78595.2,78292.6,77990,77687.4,77384.8,77082.2,76779.6,76477,76174.4,75871.8
Libya,LBY,2170,2170,2170,2170,2170,2170,2170,2170,2170,2170,2170,2170,2170,2170,2170,2170,2170,2170,2170,2170,2170,2170,2170,2170,2170,2170,2170,2170,2170,2170,2170,2170
Liechtenstein,LIE,65,65.2,65.4,65.6,65.8,66,66.2,66.4,66.6,66.8,67,66.999,66.998,66.998,66.997,66.996,66.995,66.994,66.994,66.993,66.992,66.994,66.995,66.997,66.998,67,67,67,67,67,67,67
Lithuania,LTU,,,19600,19675,19750,19825,19900,19975,20050,20125,20200,20350,20500,20650,20800,20950,21100,21250,21400,21550,21700,21734,21768,21802,21836,21870,21900,21960,21980,22000,22010,22026.667
Luxembourg,LUX,,,,,,,,,,,867,869,871,873,875,877,879,881,883,885,887,887,887,887,887,887,887,887,887,887,887,887
Madagascar,MDG,136934.5,136271.72,135608.94,134946.16,134283.38,133620.6,132957.82,132295.04,131632.26,130969.48,130306.7,129838.01,129369.32,128900.63,128431.94,127963.25,127494.56,127025.87,126557.18,126088.49,125619.8,125487.62,125355.44,125223.26,125091.08,124958.9,124826.8,124694.6,124562.4,124430.3,124298.1,124165.967
Malawi,MWI,35017,34597,34177,33757,33337,32917,32497,32077,31657,31237,30817,30397,29977,29557,29137,28717,28297,27877,27457,27037,26617,26197,25777,25357,24937,24517,24097,23677,23257,22837,22417,21997
Malaysia,MYS,206185,205257.85,204330.7,203403.55,202476.4,201549.25,200622.1,199694.95,198767.8,197840.65,196913.5,196169.8,195426.1,194682.4,193938.7,193195,192451.3,191707.6,190963.9,190220.2,189476.5,190509.64,191542.78,192575.92,193609.06,194642.2,193146.4,192644.9,192143.4,191641.9,191140.4,190638.9
Maldives,MDV,8.2,8.2,8.2,8.2,8.2,8.2,8.2,8.2,8.2,8.2,8.2,8.2,8.2,8.2,8.2,8.2,8.2,8.2,8.2,8.2,8.2,8.2,8.2,8.2,8.2,8.2,8.2,8.2,8.2,8.2,8.2,8.2
Mali,MLI,132960,132960,132960,132960,132960,132960,132960,132960,132960,132960,132960,132960,132960,132960,132960,132960,132960,132960,132960,132960,132960,132960,132960,132960,132960,132960,132960,132960,132960,132960,132960,132960
Malta,MLT,3.5,3.5,3.5,3.5,3.5,3.5,3.5,3.5,3.5,3.5,3.5,3.5,3.5,3.5,3.5,3.5,3.5,3.5,3.5,3.5,3.5,3.5,3.5,3.5,3.5,3.5,3.8,4.2,4.6,4.6,4.6,4.6
Marshall Islands,MHL,,94,94,94,94,94,94,94,94,94,94,94,94,94,94,94,94,94,94,94,94,94,94,94,94,94,94,94,94,94,94,94
Mauritania,MRT,4760.4,4706,4651.6,4597.2,4542.8,4488.4,4434,4379.6,4325.2,4270.8,4216.4,4162,4107.6,4053.2,3998.8,3944.4,3890,3835.6,3781.2,3726.8,3672.4,3618,3563.6,3509.2,3454.8,3400.4,3346,3292,3237,3183,3128,3073.667
Mauritius,MUS,410.7,411.56,412.42,413.28,414.14,415,415.86,416.72,417.58,418.44,419.3,415.76,412.22,408.68,405.14,401.6,398.06,394.52,390.98,387.44,383.9,383.72,383.54,383.36,383.18,383,382.9,386.5,386.9,387.3,387.7,388.1
Mexico,MEX,705916.5,703706.2,701495.9,699285.6,697075.3,694865,692654.7,690444.4,688234.1,686023.8,683813.5,682375.46,680937.42,679499.38,678061.34,676623.3,675185.26,673747.22,672309.18,670871.14,669433.1,668208.3,666983.5,665758.7,664533.9,663309.1,662031.5,660753.8,659476.1,658198.5,656920.8,655643.167
"Micronesia, Fed. Sts.",FSM,,636.08,636.36,636.64,636.92,637.2,637.48,637.76,638.04,638.32,638.6,638.87,639.14,639.41,639.68,639.95,640.22,640.49,640.76,641.03,641.3,641.58,641.86,642.14,642.42,642.7,643,643.3,643.6,643.9,644.2,644.5
Moldova,MDA,,,3292,3311,3330,3349,3368,3387,3406,3425,3444,3474.1,3504.2,3534.3,3564.4,3594.5,3624.6,3654.7,3684.8,3714.9,3745,3768.8,3792.6,3816.4,3840.2,3864,3865,3865,3865,3865,3865,3865
Mongolia,MNG,143520,143431.9,143343.8,143255.7,143167.6,143079.5,142991.4,142903.3,142815.2,142727.1,142639,142559,142479,142399,142319,142239,142159,142079,141999,141919,141839,141827.86,141816.72,141805.58,141794.44,141783.3,141772.2,141761.1,141750,141738.9,141727.8,141716.7
Montenegro,MNE,,,,,,,,,,,,,,,,,7466,7667,7868,8069,8270,8270,8270,8270,8270,8270,8270,8270,8270,8270,8270,8270
Morocco,MAR,54852.9,54874.15,54895.4,54916.65,54937.9,54959.15,54980.4,55001.65,55022.9,55044.15,55065.4,55233.43,55401.46,55569.49,55737.52,55905.55,56073.58,56241.61,56409.64,56577.67,56745.7,56765.94,56786.18,56806.42,56826.66,56846.9,56997.9,57115.9,57215.9,57320.9,57424.9,57529.567
Mozambique,MOZ,433780,431590,429400,427210,425020,422830,420640,418450,416260,414070,411880,409664.14,407448.28,405232.42,403016.56,400800.7,398584.84,396368.98,394153.12,391937.26,389721.4,387657.12,385592.84,383528.56,381464.28,379400,376282.9,374066,372241.68,369661.1,367437.6,364976.047
Myanmar,MMR,392184.8,387834.43,383484.06,379133.69,374783.32,370432.95,366082.58,361732.21,357381.84,353031.47,348681.1,345253.99,341826.88,338399.77,334972.66,331545.55,328118.44,324691.33,321264.22,317837.11,314410,311512.88,308615.76,305718.64,302821.52,299924.4,297027.3,294130.2,291233.1,288336,285438.9,282541.8
Namibia,NAM,87691.7,86981.614,86271.528,85561.442,84851.356,84141.27,83431.184,82721.098,82011.012,81300.926,80590.84,79880.746,79170.652,78460.558,77750.464,77040.37,76330.276,75620.182,74910.088,74199.994,73489.9,72779.82,72069.74,71359.66,70649.58,69939.5,69229.4,68519.3,67809.2,67099.1,66389,65678.9
Nepal,NPL,56720,56828.76,56937.52,57046.28,57155.04,57263.8,57372.56,57481.32,57590.08,57698.84,57807.6,57988.87,58170.14,58351.41,58532.68,58713.95,58895.22,59076.49,59257.76,59439.03,59620.3,59620.3,59620.3,59620.3,59620.3,59620.3,59620.3,59620.3,59620.3,59620.3,59620.3,59620.3
Netherlands,NLD,3453.3,3467.47,3481.64,3495.81,3509.98,3524.15,3538.32,3552.49,3566.66,3580.83,3595,3608.98,3622.96,3636.94,3650.92,3664.9,3678.88,3692.86,3706.84,3720.82,3734.8,3717.5,3700.2,3682.9,3665.6,3648.3,3657.6,3667,3676.3,3685.7,3695,3704.367
New Caledonia,NCL,8311.3,8318.02,8324.74,8331.46,8338.18,8344.9,8351.62,8358.34,8365.06,8371.78,8378.5,8379.67,8380.84,8382.01,8383.18,8384.35,8385.52,8386.69,8387.86,8389.03,8390.2,8389.2,8388.2,8387.2,8386.2,8385.2,8384.2,8383.2,8382.2,8381.2,8380.2,8379.2
New Zealand,NZL,93722.7,94200.87,94679.04,95157.21,95635.38,96113.55,96591.72,97069.89,97548.06,98026.23,98504.4,98502.08,98499.76,98497.44,98495.12,98492.8,98490.48,98488.16,98485.84,98483.52,98481.2,98478.18,98475.16,98472.14,98469.12,98466.1,98467.5,98508.5,98551.5,98655.2,98925.9,99085.267
Nicaragua,NIC,63993.2,62993.2,61993.2,60993.2,59993.2,58993.2,57993.2,56993.2,55993.2,54993.2,53993.2,52782.03,51570.86,50359.69,49148.52,47937.35,46726.18,45515.01,44303.84,43092.67,41881.5,41320.26,40759.02,40197.78,39636.54,39075.3,38075.3,37075.3,36075.3,35075.3,34075.3,33075.3
Niger,NER,19450,18833.1,18216.2,17599.3,16982.4,16365.5,15748.6,15131.7,14514.8,13897.9,13281,13156.8,13032.6,12908.4,12784.2,12660,12535.8,12411.6,12287.4,12163.2,12039,11914.8,11790.6,11666.4,11542.2,11418,11293.8,11169.6,11045.4,10921.2,10797,10672.8
Nigeria,NGA,265260.9,263627.85,261994.8,260361.75,258728.7,257095.65,255462.6,253829.55,252196.5,250563.45,248930.4,247297.34,245664.28,244031.22,242398.16,240765.1,239132.04,237498.98,235865.92,234232.86,232599.8,230966.74,229333.68,227700.62,226067.56,224434.5,222801.479,221168.5,219535.5,217902.5,216269.5,214636.5
North Macedonia,MKD,,,9211.1,9256.65,9302.2,9347.75,9393.3,9438.85,9484.4,9529.95,9575.5,9578.38,9581.26,9584.14,9587.02,9589.9,9592.78,9595.66,9598.54,9601.42,9604.3,9672.24,9740.18,9808.12,9876.06,9944,10016.7,10014.9,10014.9,10014.9,10014.9,10014.9
Northern Mariana Islands,MNP,,334.45,332.8,331.15,329.5,327.85,326.2,324.55,322.9,321.25,319.6,317.96,316.32,314.68,313.04,311.4,309.76,308.12,306.48,304.84,303.2,301.54,299.88,298.22,296.56,294.9,243.6,243.6,243.6,243.6,243.6,243.6
Norway,NOR,121320,121301,121282,121263,121244,121225,121206,121187,121168,121149,121130,121119,121108,121097,121086,121075,121064,121053,121042,121031,121020,121098,121176,121254,121332,121410,121488,121566,121644,121722,121800,121878
Oman,OMN,30,30,30,30,30,30,30,30,30,30,30,30,30,30,30,30,30,30,30,30,30,30,30,30,30,30,28,27,26,25,25,24.333
Pakistan,PAK,49867.9,49392.37,48916.84,48441.31,47965.78,47490.25,47014.72,46539.19,46063.66,45588.13,45112.6,44695.07,44277.54,43860.01,43442.48,43024.95,42607.42,42189.89,41772.36,41354.83,40937.3,40615.04,40292.78,39970.52,39648.26,39326,38682.4,38499.2,38085.8,37672.4,37259,36845.6
Palau,PLW,,382.93,384.36,385.79,387.22,388.65,390.08,391.51,392.94,394.37,395.8,396.78,397.76,398.74,399.72,400.7,401.68,402.66,403.64,404.62,405.6,406.46,407.32,408.18,409.04,409.9,410.8,411.6,412.5,413.3,414.1,414.9
Panama,PAN,46074,45908.74,45743.48,45578.22,45412.96,45247.7,45082.44,44917.18,44751.92,44586.66,44421.4,44307.25,44193.1,44078.95,43964.8,43850.65,43736.5,43622.35,43508.2,43394.05,43279.9,43165.74,43051.58,42937.42,42823.26,42709.1,42595,42480.8,42366.7,42252.5,42138.4,42024.233
Papua New Guinea,PNG,363996.8,363875.086,363753.373,363631.659,363509.945,363388.231,363266.518,363144.804,363023.09,362901.376,362779.663,362680.582,362581.501,362482.42,362383.339,362284.258,362185.177,362086.096,361987.015,361887.934,361788.853,361479.924,361170.995,360862.066,360553.138,360244.209,359898.8,359563.5,359228.2,358892.9,358557.6,358222.3
Paraguay,PRY,255458.6,252904.39,250350.18,247795.97,245241.76,242687.55,240133.34,237579.13,235024.92,232470.71,229916.5,226495.06,223073.62,219652.18,216230.74,212809.3,209387.86,205966.42,202544.98,199123.54,195702.1,191559.56,187417.02,183274.48,179131.94,174989.4,173331.3,169402.7,166609.3,163816,161022.6,158229.267
Peru,PER,764485.4,763334.69,762183.98,761033.27,759882.56,758731.85,757581.14,756430.43,755279.72,754129.01,752978.3,751730.27,750482.24,749234.21,747986.18,746738.15,745490.12,744242.09,742994.06,741746.03,740498,738787.46,737076.92,735366.38,733655.84,731945.3,730102.8,728347.8,726760.4,725032,723303.7,721575.333
Philippines,PHL,77788.1,77318.55,76849,76379.45,75909.9,75440.35,74970.8,74501.25,74031.7,73562.15,73092.6,72623.06,72153.52,71683.98,71214.44,70744.9,70275.36,69805.82,69336.28,68866.74,68397.2,68746.06,69094.92,69443.78,69792.64,70141.5,70490.4,70839.3,71188.1,71537,71885.9,72234.8
Poland,POL,88820,88997,89174,89351,89528,89705,89882,90059,90236,90413,90590,90860,91130,91400,91670,91940,92210,92480,92750,93020,93290,93472,93654,93836,94018,94200,94350,94470,94590,94710,94830,94950
Portugal,PRT,33990,33872,33754,33636,33518,33400,33282,33164,33046,32928,32810,32781,32752,32723,32694,32665,32636,32607,32578,32549,32520,32640,32760,32880,33000,33120,33120,33120,33120,33120,33120,33120
Puerto Rico,PRI,3203.3,3312.12,3420.94,3529.76,3638.58,3747.4,3856.22,3965.04,4073.86,4182.68,4291.5,4353.8,4416.1,4478.4,4540.7,4603,4665.3,4727.6,4789.9,4852.2,4914.5,4919.36,4924.22,4929.08,4933.94,4938.8,4943.7,4948.6,4953.5,4958.4,4963.3,4968.2
Romania,ROU,63710,63705,63700,63695,63690,63685,63680,63675,63670,63665,63660,63809,63958,64107,64256,64405,64554,64703,64852,65001,65150,65921.92,66693.84,67465.76,68237.68,69009.6,69290.5,69290.5,69290.5,69290.5,69290.5,69290.5
Russian Federation,RUS,,,8090136.2,8090454.8,8090773.4,8091092,8091410.6,8091729.2,8092047.8,8092366.4,8092685,8098552.1,8104419.2,8110286.3,8116153.4,8122020.5,8127887.6,8133754.7,8139621.8,8145488.9,8151356,8150945.72,8150535.44,8150125.16,8149714.88,8149304.6,8151210.3,8153116,8153116,8153116,8153116,8153116
Rwanda,RWA,3170,3140,3110,3080,3050,3020,2990,2960,2930,2900,2870,2848,2826,2804,2782,2760,2738,2716,2694,2672,2650,2660,2670,2680,2690,2700,2720,2730,2740,2750,2760,2770
Samoa,WSM,1761.3,1756.48,1751.66,1746.84,1742.02,1737.2,1732.38,1727.56,1722.74,1717.92,1713.1,1708.28,1703.46,1698.64,1693.82,1689,1684.18,1679.36,1674.54,1669.72,1664.9,1660.06,1655.22,1650.38,1645.54,1640.7,1635.9,1631.1,1626.3,1621.5,1616.7,1611.9
San Marino,SMR,10,10,10,10,10,10,10,10,10,10,10,10,10,10,10,10,10,10,10,10,10,10,10,10,10,10,10,10,10,10,10,10
Sao Tome and Principe,STP,586.2,585.94,585.68,585.42,585.16,584.9,584.64,584.38,584.12,583.86,583.6,583.34,583.08,582.82,582.56,582.3,582.04,581.78,581.52,581.26,581,574.8,568.6,562.4,556.2,550,543.8,537.6,531.4,525.2,519,512.8
Saudi Arabia,SAU,9770,9770,9770,9770,9770,9770,9770,9770,9770,9770,9770,9770,9770,9770,9770,9770,9770,9770,9770,9770,9770,9770,9770,9770,9770,9770,9770,9770,9770,9770,9770,9770
Senegal,SEN,93031.6,92581.6,92131.6,91681.6,91231.6,90781.6,90331.6,89881.6,89431.6,88981.6,88531.6,88146.6,87761.6,87376.6,86991.6,86606.6,86221.6,85836.6,85451.6,85066.6,84681.6,84281.6,83881.6,83481.6,83081.6,82681.6,82281.6,81881.6,81481.6,81081.6,80681.6,80281.6
Serbia,SRB,,,,,,,,,,,,,,,,,26118,26371,26624,26877,27130,27143.06,27156.12,27169.18,27182.24,27195.3,27201.8,27218.6,27220,27222.2,27226.5,27229.4
Seychelles,SYC,337,337,337,337,337,337,337,337,337,337,337,337,337,337,337,337,337,337,337,337,337,337,337,337,337,337,337,337,337,337,337,337
Sierra Leone,SLE,31267,31069.73,30872.46,30675.19,30477.92,30280.65,30083.38,29886.11,29688.84,29491.57,29294.3,29097.03,28899.76,28702.49,28505.22,28307.95,28110.68,27913.41,27716.14,27518.87,27321.6,27124.34,26927.08,26729.82,26532.56,26335.3,26138,25940.7,25743.4,25546.1,25348.8,25151.5
Singapore,SGP,148.269,150.456,152.642,154.829,157.015,159.202,161.389,163.575,165.762,167.948,170.135,170.861,171.588,172.315,173.042,173.769,174.496,175.223,175.95,176.677,177.404,174.866,172.328,169.79,167.252,164.714,162.855,161.1,159.3,157.5,155.7,153.9
Sint Maarten (Dutch part),SXM,,,,,,,,,,,,,,,,,,,,,,3.7,3.7,3.7,3.7,3.7,3.7,3.7,3.7,3.7,3.7,3.7
Slovak Republic,SVK,,,,19021.59,19020.52,19019.45,19018.38,19017.31,19016.24,19015.17,19014.1,19030.6,19047.1,19063.6,19080.1,19096.6,19113.1,19129.6,19146.1,19162.6,19179.1,19186.78,19194.46,19202.14,19209.82,19217.5,19233.7,19259,19259,19259,19259,19259
Slovenia,SVN,,,11970,12015,12060,12105,12150,12195,12240,12285,12330,12344,12358,12372,12386,12400,12414,12428,12442,12456,12470,12472,12474,12476,12478,12480,12459.7,12439.3,12419,12398.6,12378.3,12357.933
Solomon Islands,SLB,25449.1,25441.79,25434.48,25427.17,25419.86,25412.55,25405.24,25397.93,25390.62,25383.31,25376,25368.68,25361.36,25354.04,25346.72,25339.4,25332.08,25324.76,25317.44,25310.12,25302.8,25295.48,25288.16,25280.84,25273.52,25266.2,25258.9,25251.6,25244.3,25237,25229.7,25222.4
Somalia,SOM,82825,82057.5,81290,80522.5,79755,78987.5,78220,77452.5,76685,75917.5,75150,74382.5,73615,72847.5,72080,71312.5,70545,69777.5,69010,68242.5,67475,66707.5,65940,65172.5,64405,63637.5,62870,62102.5,61335,60567.5,59800,59032.5
South Africa,ZAF,181420.9,181056.9,180692.9,180328.9,179964.9,179600.9,179236.9,178872.9,178508.9,178144.9,177780.9,177416.9,177052.9,176688.9,176324.9,175960.9,175596.9,175232.9,174868.9,174504.9,174140.9,173776.9,173412.9,173048.9,172684.9,172320.9,171956.9,171592.9,171228.9,170864.9,170500.9,170136.9
South Sudan,SSD,,,,,,,,,,,,,,,,,,,,,,,71570,71570,71570,71570,71570,71570,71570,71570,71570,71570
Spain,ESP,139046.6,142235.87,145425.14,148614.41,151803.68,154992.95,158182.22,161371.49,164560.76,167750.03,170939.3,172390.71,173842.12,175293.53,176744.94,178196.35,179647.76,181099.17,182550.58,184001.99,185453.4,185465.08,185476.76,185488.44,185500.12,185511.8,185552.4,185593,185635.9,185678.8,185721.7,185764.6
Sri Lanka,LKA,23503.3,23319.39,23135.48,22951.57,22767.66,22583.75,22399.84,22215.93,22032.02,21848.11,21664.2,21601.4,21538.6,21475.8,21413,21350.2,21287.4,21224.6,21161.8,21099,21036.2,21086.6,21137,21187.4,21237.8,21288.2,21256.6,21225,21193.4,21161.8,21130.2,21098.6
St. Kitts and Nevis,KNA,110,110,110,110,110,110,110,110,110,110,110,110,110,110,110,110,110,110,110,110,110,110,110,110,110,110,110,110,110,110,110,110
St. Lucia,LCA,212.7,212.44,212.18,211.92,211.66,211.4,211.14,210.88,210.62,210.36,210.1,209.86,209.62,209.38,209.14,208.9,208.66,208.42,208.18,207.94,207.7,207.7,207.7,207.7,207.7,207.7,207.7,207.7,207.7,207.7,207.7,207.7
St. Martin (French part),MAF,,,,,,,,,,,,,,,,,,,,,,12.4,12.4,12.4,12.4,12.4,12.4,12.4,12.4,12.4,12.4,12.4
St. Vincent and the Grenadines,VCT,275.4,276.4,277.4,278.4,279.4,280.4,281.4,282.4,283.4,284.4,285.4,285.4,285.4,285.4,285.4,285.4,285.4,285.4,285.4,285.4,285.4,285.4,285.4,285.4,285.4,285.4,285.4,285.4,285.4,285.4,285.4,285.4
Sudan,SDN,307273.1,305528.95,303784.8,302040.65,300296.5,298552.35,296808.2,295064.05,293319.9,291575.75,289831.6,288086.61,286341.62,284596.63,282851.64,281106.65,279361.66,277616.67,275871.68,274126.69,272381.7,270639.22,197326.74,195584.26,193841.78,192099.3,190481.9,188760.3,187038.7,185317.1,183595.5,181873.9
Suriname,SUR,153776.3,153739.54,153702.78,153666.02,153629.26,153592.5,153555.74,153518.98,153482.22,153445.46,153408.7,153367.69,153326.68,153285.67,153244.66,153203.65,153162.64,153121.63,153080.62,153039.61,152998.6,152902.22,152805.84,152709.46,152613.08,152516.7,152403.2,152330.2,152207.8,152085.3,151962.9,151840.433
Sweden,SWE,280630,280730,280830,280930,281030,281130,281230,281330,281430,281530,281630,281540,281450,281360,281270,281180,281090,281000,280910,280820,280730,280544,280358,280172,279986,279800,279800,279800,279800,279800,279800,279800
Switzerland,CHE,11535,11577.68,11620.36,11663.04,11705.72,11748.4,11791.08,11833.76,11876.44,11919.12,11961.8,12000.34,12038.88,12077.42,12115.96,12154.5,12193.04,12231.58,12270.12,12308.66,12347.2,12381.58,12415.96,12450.34,12484.72,12519.1,12553.5,12587.9,12622.3,12656.7,12691.1,12725.5
Syrian Arab Republic,SYR,3720.8,3780.8,3840.8,3900.8,3960.8,4020.8,4080.8,4140.8,4200.8,4260.8,4320.8,4380.8,4440.8,4500.8,4560.8,4620.8,4680.8,4740.8,4800.8,4860.8,4920.8,4980.8,5040.8,5100.8,5160.8,5220.8,5220.8,5220.8,5220.8,5220.8,5220.8,5220.8
Tajikistan,TJK,,,4084,4086,4088,4090,4092,4094,4096,4098,4100,4100,4100,4100,4100,4100,4100,4100,4100,4100,4100,4123.6,4147.2,4170.8,4194.4,4218,4218,4218,4218,4228,4238,4248
Tanzania,TZA,573900.1,570180.1,566460.1,562740.1,559020.1,555300.1,551580.1,547860.1,544140.1,540420.1,536700.1,532980.1,529260.1,525540.1,521820.1,518100.1,514380.1,510660.1,506940.1,503220.1,499500.1,495780.08,492060.06,488340.04,484620.02,480900,476210,471520,466830,462140,457450,452760
Thailand,THA,193610,193247,192884,192521,192158,191795,191432,191069,190706,190343,189980,191055,192130,193205,194280,195355,196430,197505,198580,199655,200730,200706,200682,200658,200634,200610,200170,199810,199450,199090,198730,198370
Timor-Leste,TLS,9631,9617,9603,9589,9575,9561,9547,9533,9519,9505,9491,9477,9463,9449,9435,9421,9407,9393,9379,9365,9351,9337,9323,9309,9295,9281,9267,9256,9239,9225,9211,9197
Togo,TGO,13616.6,13523.404,13430.208,13337.012,13243.816,13150.62,13057.424,12964.228,12871.032,12777.836,12684.64,12655.046,12625.452,12595.858,12566.264,12536.67,12507.076,12477.482,12447.888,12418.294,12388.7,12359.1,12329.5,12299.9,12270.3,12240.7,12211.1,12181.5,12151.9,12122.3,12092.7,12063.1
Tonga,TON,89.5,89.5,89.5,89.5,89.5,89.5,89.5,89.5,89.5,89.5,89.5,89.5,89.5,89.5,89.5,89.5,89.5,89.5,89.5,89.5,89.5,89.5,89.5,89.5,89.5,89.5,89.5,89.5,89.5,89.5,89.5,89.5
Trinidad and Tobago,TTO,2420.6,2415.19,2409.78,2404.37,2398.96,2393.55,2388.14,2382.73,2377.32,2371.91,2366.5,2362.26,2358.02,2353.78,2349.54,2345.3,2341.06,2336.82,2332.58,2328.34,2324.1,2319.86,2315.62,2311.38,2307.14,2302.9,2298.7,2294.5,2290.3,2286.1,2281.9,2277.7
Tunisia,TUN,6439.769,6463.642,6487.515,6511.388,6535.261,6559.135,6583.008,6606.881,6630.754,6654.627,6678.5,6698.08,6717.66,6737.24,6756.82,6776.4,6795.98,6815.56,6835.14,6854.72,6874.3,6889.6,6904.9,6920.2,6935.5,6950.8,6966.1,6981.4,6996.7,7012,7027.3,7042.6
Turkiye,TUR,197834.8,198199.67,198564.54,198929.41,199294.28,199659.15,200024.02,200388.89,200753.76,201118.63,201483.5,202418.23,203352.96,204287.69,205222.42,206157.15,207091.88,208026.61,208961.34,209896.07,210830.8,211925.24,213019.68,214114.12,215208.56,216303,216303,217524.6,219083.6,220643.6,222203.6,223763.6
Turkmenistan,TKM,,,41270,41270,41270,41270,41270,41270,41270,41270,41270,41270,41270,41270,41270,41270,41270,41270,41270,41270,41270,41270,41270,41270,41270,41270,41270,41270,41270,41270,41270,41270
Turks and Caicos Islands,TCA,105.2,105.2,105.2,105.2,105.2,105.2,105.2,105.2,105.2,105.2,105.2,105.2,105.2,105.2,105.2,105.2,105.2,105.2,105.2,105.2,105.2,105.2,105.2,105.2,105.2,105.2,105.2,105.2,105.2,105.2,105.2,105.2
Tuvalu,TUV,10,10,10,10,10,10,10,10,10,10,10,10,10,10,10,10,10,10,10,10,10,10,10,10,10,10,10,10,10,10,10,10
Uganda,UGA,35754.7,35342.18,34929.66,34517.14,34104.62,33692.1,33279.58,32867.06,32454.54,32042.02,31629.5,31216.97,30804.44,30391.91,29979.38,29566.85,29154.32,28741.79,28329.26,27916.73,27504.2,27091.68,26679.16,26266.64,25854.12,25441.6,25029.1,24616.6,24204.1,23791.5,23379,22966.433
Ukraine,UKR,,,93212,93448,93684,93920,94156,94392,94628,94864,95100,95138,95176,95214,95252,95290,95328,95366,95404,95442,95480,95698,95916,96134,96352,96570,96640,96710,96780,96840,96900,96960
United Arab Emirates,ARE,2450,2514.43,2578.86,2643.29,2707.72,2772.15,2836.58,2901.01,2965.44,3029.87,3094.3,3102.17,3110.04,3117.91,3125.78,3133.65,3141.52,3149.39,3157.26,3165.13,3173,3173,3173,3173,3173,3173,3173,3173,3173,3173,3173,3173
United Kingdom,GBR,27780,27956,28132,28308,28484,28660,28836,29012,29188,29364,29540,29645,29750,29855,29960,30065,30170,30275,30380,30485,30590,30782,30974,31166,31358,31550,31590,31640,31730,31820,31900,31986.667
United States,USA,3024500,3025586,3026672,3027758,3028844,3029930,3031016,3032102,3033188,3034274,3035360,3040544,3045728,3050912,3056096,3061280,3066464,3071648,3076832,3082016,3087200,3089950,3092700,3095450,3098200,3100950,3100950,3097950,3097950,3097950,3097950,3097950
Uruguay,URY,7980,8551,9122,9693,10264,10835,11406,11977,12548,13119,13690,14052.3,14414.6,14776.9,15139.2,15501.5,15863.8,16226.1,16588.4,16950.7,17313,17690.4,18067.8,18445.2,18822.6,19200,19470,19680,19890,20100,20310,20520
Uzbekistan,UZB,,,26317.884,26729.974,27142.065,27554.156,27966.247,28378.338,28790.428,29202.519,29614.61,30002.749,30390.888,30779.027,31167.166,31555.305,31943.444,32331.583,32719.722,33107.861,33496,33895.6,34295.2,34694.8,35094.4,35494,35863,36121.36,36379.8,36638.2,36896.6,37155
Vanuatu,VUT,4423,4423,4423,4423,4423,4423,4423,4423,4423,4423,4423,4423,4423,4423,4423,4423,4423,4423,4423,4423,4423,4423,4423,4423,4423,4423,4423,4423,4423,4423,4423,4423
"Venezuela, RB",VEN,520260,517385,514510,511635,508760,505885,503010,500135,497260,494385,491510,489864,488218,486572,484926,483280,481634,479988,478342,476696,475050,473406,471762,470118,468474,466830,465432.6,464281.8,463377.6,462720,462309,461733.6
Viet Nam,VNM,93759.6,96167.74,98575.88,100984.02,103392.16,105800.3,108208.44,110616.58,113024.72,115432.86,117841,119444.96,121048.92,122652.88,124256.84,125860.8,127464.76,129068.72,130672.68,132276.64,133880.6,135228.2,136575.8,137923.4,139271,140618.6,143776.8,144153.9,144912.9,145671.9,146430.9,147189.9
Virgin Islands (U.S.),VIR,245.4,241.33,237.26,233.19,229.12,225.05,220.98,216.91,212.84,208.77,204.7,202.66,200.62,198.58,196.54,194.5,192.46,190.42,188.38,186.34,184.3,185.76,187.22,188.68,190.14,191.6,193.1,194.6,196.1,197.6,199.1,200.6
West Bank and Gaza,PSE,90.8,90.8,90.8,90.8,90.8,90.8,90.8,90.8,90.8,90.8,90.8,91.67,92.54,93.41,94.28,95.15,96.02,96.89,97.76,98.63,99.5,99.88,100.26,100.64,101.02,101.4,101.4,101.4,101.4,101.4,101.4,101.4
"Yemen, Rep.",YEM,5490,5490,5490,5490,5490,5490,5490,5490,5490,5490,5490,5490,5490,5490,5490,5490,5490,5490,5490,5490,5490,5490,5490,5490,5490,5490,5490,5490,5490,5490,5490,5490
Zambia,ZMB,474120,473762,473404,473046,472688,472330,471972,471614,471256,470898,470540,470182,469824,469466,469108,468750,468392,468034,467676,467318,466960,465078.2,463196.4,461314.6,459432.8,457551,455668,453786.7,451904.6,450022.4,448140.3,446258.133
Zimbabwe,ZWE,188266.8,187806.1,187345.4,186884.7,186424,185963.3,185502.6,185041.9,184581.2,184120.5,183659.8,183199.1,182738.4,182277.7,181817,181356.3,180895.6,180434.9,179974.2,179513.5,179052.8,178592.1,178131.4,177670.7,177210,176749.3,176288.6,175827.9,175367.2,174906.5,174445.8,173985.1
Africa Eastern and Southern,AFE,5279295.5,5257255.464,5235215.428,5213175.392,5191135.356,5169095.32,5147055.284,5125015.248,5102975.212,5080935.176,5058895.14,5032664.686,5006434.232,4980203.778,4953973.324,4927742.87,4901512.416,4875281.962,4849051.508,4822821.054,4796590.6,4765400.98,4734211.36,4703021.74,4671832.12,4640642.5,4607876.1,4575901.2,4544314.78,4511676.2,4479395,4446875.546
Africa Western and Central,AFW,2060349,2049660.284,2038971.568,2028282.852,2017594.136,2006905.42,1996216.704,1985527.988,1974839.272,1964150.556,1953461.84,1945128.216,1936794.592,1928460.968,1920127.344,1911793.72,1903460.096,1895126.472,1886792.848,1878459.224,1870125.6,1862169.28,1854212.96,1846256.64,1838300.32,1830344,1822960.779,1815608.1,1807898.6,1800220.1,1792580.7,1784915.233
Arab World,ARB,507946.169,505486.722,503027.275,500567.828,498108.381,495648.935,493189.488,490730.041,488270.594,485811.147,483351.7,481389.93,479428.16,477466.39,475504.62,473542.85,471581.08,469619.31,467657.54,465695.77,463734,461308.84,387313.68,384888.52,382463.36,380038.2,377730.6,375191.7,372634.1,370302.7,367980.7,365652.433
Caribbean small states,CSS,369972.4,369748.93,369525.46,369301.99,369078.52,368855.05,368631.58,368408.11,368184.64,367961.17,367737.7,367616.67,367495.64,367374.61,367253.58,367132.55,367011.52,366890.49,366769.46,366648.43,366527.4,366230.12,365932.84,365635.56,365338.28,365041,364757.9,364515.3,364223.4,363931.1,363639.2,363347.032
Central Europe and the Baltics,CEB,203939,204266.27,308724.52,354647.18,355237.24,355827.3,356417.36,357007.42,357597.48,358187.54,358777.6,360147.66,361517.72,362887.78,364257.84,365627.9,366997.96,368368.02,369738.08,371108.14,372478.2,373931.3,375384.4,376837.5,378290.6,379743.7,380336.502,380939.984,381258,381574.9,381881.8,382195.367
Early-demographic dividend,EAR,8401025.7,8362184.368,8394379.121,8343910.279,8304878.838,8265847.397,8226815.958,8187784.517,8148753.075,8109721.634,8070690.194,8049101.832,8027513.47,8005925.108,7984336.746,7962748.384,7941160.022,7919571.66,7897983.298,7876394.935,7854806.573,7824279.76,7793752.947,7763226.134,7732699.322,7702172.509,7686805,7655531.46,7632988.4,7610957.1,7589317.5,7567416.765
East Asia & Pacific,EAS,6398280.269,6395610.222,6391492.775,6387375.328,6383257.88,6379140.433,6375022.987,6370905.539,6366788.092,6362670.644,6358553.198,6375269.613,6391986.029,6408702.445,6425418.861,6442135.277,6458851.693,6475568.109,6492284.525,6509000.941,6525717.357,6538256.81,6550796.263,6563335.716,6575875.17,6588414.623,6617999.125,6617836.7,6625321.5,6632992.9,6640831.4,6648558.5
East Asia & Pacific (excluding high income),EAP,4636271,4635008.746,4632635.193,4630261.639,4627888.085,4625514.531,4623140.978,4620767.424,4618393.87,4616020.316,4613646.763,4632648.632,4651650.501,4670652.37,4689654.239,4708656.108,4727657.977,4746659.846,4765661.715,4784663.584,4803665.453,4809258.624,4814851.795,4820444.966,4826038.138,4831631.309,4851971.87,4852099.5,4859767.4,4867438.2,4875109.1,4882779.933
East Asia & Pacific (IDA & IBRD countries),TEA,4567150.7,4566345.786,4564429.573,4562513.359,4560597.145,4558680.931,4556764.718,4554848.504,4552932.29,4551016.076,4549099.863,4568314.032,4587528.201,4606742.37,4625956.539,4645170.708,4664384.877,4683599.046,4702813.215,4722027.384,4741241.553,4747047.024,4752852.495,4758657.966,4764463.438,4770268.909,4790821.77,4791161.7,4799041.9,4806925,4814808.2,4822691.333
Euro area,EMU,805473.91,811358.529,902804.127,927931.326,934035.864,940140.403,946244.942,952349.48,958454.019,964558.557,978203.096,982131.839,986060.583,989989.326,993918.07,997846.813,1001775.556,1005704.3,1009633.043,1013561.787,1017490.53,1019686.45,1021882.37,1024078.29,1026274.21,1028470.13,1030071.2,1031881.2,1033420,1034958.4,1036486.8,1038021.867
Europe & Central Asia,ECS,,,10231806.86,10285828.05,10294516.64,10303205.23,10311893.81,10320582.4,10329270.99,10337959.58,10354188.16,10366851.43,10379514.7,10392177.97,10404841.24,10417504.51,10463751.78,10476869.05,10489986.32,10503103.59,10516220.86,10521971.92,10527722.97,10533474.03,10539225.08,10544976.14,10551036.45,10557512.06,10562170.46,10566829.3,10571470.3,10576123.19
Europe & Central Asia (excluding high income),ECA,,,8691472.094,8693381.203,8695290.312,8697199.422,8699108.531,8701017.64,8702926.749,8704835.859,8706744.968,8714807.726,8722870.482,8730933.24,8738995.997,8747058.755,8788705.512,8797222.269,8805739.027,8814255.783,8822772.541,8825117.135,8827461.727,8829806.32,8832150.914,8834495.507,8838352.052,8842640.675,8845392.462,8848146,8850901.7,8853655.959
Europe & Central Asia (IDA & IBRD countries),TEC,,,8862916.094,8865032.203,8867148.312,8869264.422,8871380.531,8873496.64,8875612.749,8877728.859,8879844.968,8888361.726,8896878.482,8905395.24,8913911.997,8922428.755,8964529.512,8973500.269,8982471.027,8991441.783,9000412.541,9003715.055,9007017.567,9010320.08,9013622.594,9016925.107,9021233.754,9025717.259,9028614.062,9031512.6,9034413.3,9037312.559
European Union,EUU,1295357.31,1301709.359,1412192.387,1464139.826,1470754.664,1477369.503,1483984.342,1490599.18,1497214.019,1503828.857,1517983.696,1522798.639,1527613.583,1532428.526,1537243.47,1542058.413,1546873.356,1551688.3,1556503.243,1561318.187,1566133.13,1569420.23,1572707.33,1575994.43,1579281.53,1582568.63,1584695.302,1586843.084,1588671.1,1590497.5,1592313.8,1594136.834
Fragile and conflict affected situations,FCS,5339348,5315504.756,5384143.713,5359806.669,5335469.625,5311132.581,5286795.538,5262458.494,5238121.45,5213784.406,5189447.363,5167389.882,5145332.401,5123274.92,5101217.439,5079159.958,5057102.477,5035044.996,5012987.515,4990930.034,4968872.553,4943003.344,4917134.135,4891264.926,4865395.718,4839526.509,4812630.179,4786819.7,4761632.38,4735958.3,4710928,4685468.513
Heavily indebted poor countries (HIPC),HPC,6241141.5,6210369.914,6179598.328,6148826.742,6118055.156,6087283.57,6056511.984,6025740.398,5994968.812,5964197.226,5933425.64,5905754.396,5878083.152,5850411.908,5822740.664,5795069.42,5767398.176,5739726.932,5712055.688,5684384.444,5656713.2,5624793.96,5521304.72,5489385.48,5457466.24,5425547,5391094.3,5357638.9,5324413.28,5290657.1,5257492.2,5223933.112
High income,HIC,10110421.98,10117270.16,10227913.21,10280020.68,10286795.54,10293570.41,10300345.27,10307120.14,10313895,10320669.87,10334984.73,10343181.5,10351378.27,10359575.04,10367771.81,10375968.58,10384165.35,10392362.12,10400558.89,10408755.66,10416952.43,10431570.49,10446171.75,10460773.02,10475374.28,10489975.54,10502069.76,10501830.98,10504419.9,10507188.7,10510106.5,10512924.97
IBRD only,IBD,,,24877980.99,24828989.43,24779997.87,24731006.31,24682014.75,24633023.18,24584031.62,24535040.06,24486048.5,24458973.53,24431898.57,24404823.6,24377748.64,24350673.67,24357182.7,24330561.74,24303940.77,24277319.81,24250698.84,24232584.36,24214469.87,24196355.38,24178240.89,24160126.41,24155628.12,24126709.96,24115103.26,24101866.7,24089762.4,24076903.26
IDA & IBRD total,IBT,,,32285507.13,32201473.08,32117439.02,32033404.97,31949370.91,31865336.86,31781302.8,31697268.75,31613234.69,31554171.62,31495108.54,31436045.46,31376982.38,31317919.3,31292440.23,31233831.15,31175222.07,31116612.99,31058003.91,31001079.66,30944155.39,30887231.13,30830306.88,30773382.62,30730056.4,30663489.76,30614171.74,30562216,30511789.4,30460343.37
IDA blend,IDB,1374477.7,1370942.266,1393724.717,1390601.373,1387478.03,1384354.687,1381231.345,1378108.002,1374984.658,1371861.315,1368737.973,1365409.411,1362080.849,1358752.287,1355423.725,1352095.163,1348766.601,1345438.039,1342109.477,1338780.915,1335452.353,1332314.904,1329177.455,1326040.006,1322902.558,1319765.109,1316722.779,1314043.36,1311097.8,1307859.6,1304621.4,1301383.2
IDA only,IDX,6061465.7,6030229.872,6013801.424,5981882.274,5949963.123,5918043.973,5886124.823,5854205.672,5822286.522,5790367.372,5758448.221,5729788.671,5701129.121,5672469.571,5643810.021,5615150.471,5586490.921,5557831.371,5529171.821,5500512.27,5471852.72,5436180.396,5400508.072,5364835.748,5329163.424,5293491.1,5257705.5,5222736.442,5187970.68,5152489.7,5117405.6,5082056.912
IDA total,IDA,7435943.4,7401172.138,7407526.141,7372483.647,7337441.153,7302398.66,7267356.168,7232313.674,7197271.18,7162228.687,7127186.194,7095198.082,7063209.97,7031221.858,6999233.746,6967245.634,6935257.522,6903269.41,6871281.298,6839293.185,6807305.073,6768495.3,6729685.527,6690875.754,6652065.982,6613256.209,6574428.279,6536779.802,6499068.48,6460349.3,6422027,6383440.112
Late-demographic dividend,LTE,,,17692048.73,17693528.96,17675986.53,17658444.1,17640901.67,17623359.24,17605816.82,17588274.39,17570731.96,17562825.72,17554919.47,17547013.23,17539106.99,17531200.75,17556878.51,17549426.27,17541974.03,17534521.78,17527069.54,17535737.7,17544405.85,17553074,17561742.15,17570410.31,17578118.62,17578621.62,17587197.86,17593652.8,17600849.8,17607552.09
Latin America & Caribbean,LCN,10699608.5,10645088.61,10590568.72,10536048.83,10481528.94,10427009.05,10372489.16,10317969.27,10263449.38,10208929.49,10154409.6,10099097.92,10043786.24,9988474.56,9933162.88,9877851.2,9822539.52,9767227.84,9711916.16,9656604.48,9601292.8,9572388.48,9543467.36,9514546.24,9485625.12,9456704,9426994.8,9392385.2,9369198.6,9344163.7,9320331.1,9295696.966
Latin America & Caribbean (excluding high income),LAC,9775292.7,9722610.55,9669928.4,9617246.25,9564564.1,9511881.95,9459199.8,9406517.65,9353835.5,9301153.35,9248471.2,9193638.47,9138805.74,9083973.01,9029140.28,8974307.55,8919474.82,8864642.09,8809809.36,8754976.63,8700143.9,8670977.42,8641810.94,8612644.46,8583477.98,8554311.5,8524705,8490011.6,8466493.6,8440882.7,8416226.6,8390933.967
Latin America & the Caribbean (IDA & IBRD countries),TLA,10670140.4,10615139,10560137.6,10505136.2,10450134.8,10395133.4,10340132,10285130.6,10230129.2,10175127.8,10120126.4,10064257.7,10008389,9952520.3,9896651.6,9840782.9,9784914.2,9729045.5,9673176.8,9617308.1,9561439.4,9532008,9502576.6,9473145.2,9443713.8,9414282.4,9383996.8,9349370.8,9326176.9,9301136.5,9277297.5,9252657.566
Least developed countries: UN classification,LDC,6332574.7,6304248.852,6275923.004,6247597.156,6219271.308,6190945.46,6162619.613,6134293.765,6105967.917,6077642.069,6049316.221,6018543.561,5987770.901,5956998.241,5926225.581,5895452.921,5864680.261,5833907.601,5803134.941,5772362.28,5741589.62,5702334.236,5663078.852,5623823.468,5584568.084,5545312.7,5505964.9,5467438.6,5429317.18,5390473.4,5352026.5,5313315.012
Low & middle income,LMY,,,31291813.35,31209434.21,31127055.06,31044675.92,30962296.77,30879917.63,30797538.48,30715159.34,30632780.19,30574087.66,30515395.12,30456702.58,30398010.04,30339317.5,30314208.97,30255970.43,30197731.89,30139493.35,30081254.81,30023425.64,29965596.45,29907767.27,29849938.1,29792108.92,29748797.4,29681756.18,29631756.74,29578873.2,29527272.2,29474816.17
Low income,LIC,3523832.1,3507104.824,3490377.548,3473650.272,3456922.996,3440195.72,3423468.444,3406741.168,3390013.892,3373286.616,3356559.34,3340445.426,3324331.512,3308217.598,3292103.684,3275989.77,3259875.856,3243761.942,3227648.028,3211534.114,3195420.2,3175259.36,3155098.52,3134937.68,3114776.84,3094616,3073376.2,3052952.5,3032941.28,3012203.7,2991863.4,2971258.246
Lower middle income,LMC,6285804.769,6268661.026,6385948.548,6368863.573,6351778.598,6334693.625,6317608.652,6300523.677,6283438.702,6266353.728,6249268.754,6230502.246,6211735.738,6192969.23,6174202.722,6155436.214,6136669.706,6117903.198,6099136.69,6080370.181,6061603.673,6039786.9,6017970.127,5996153.354,5974336.582,5952519.809,5932909.579,5910918.102,5889089,5867388.5,5845811,5824151.499
Middle East & North Africa,MEA,204711.169,205092.752,205474.335,205855.918,206237.501,206619.085,207000.668,207382.251,207763.834,208145.417,208527,210503.82,212480.64,214457.46,216434.28,218411.1,220387.92,222364.74,224341.56,226318.38,228295.2,228460.8,228626.4,228792,228957.6,229123.2,229110.6,229204.7,229360.3,229740.8,230051.3,230408.466
Middle East & North Africa (excluding high income),MNA,191100.969,191395.572,191690.175,191984.778,192279.381,192573.985,192868.588,193163.191,193457.794,193752.397,194047,196013.4,197979.8,199946.2,201912.6,203879,205845.4,207811.8,209778.2,211744.6,213711,213854.44,213997.88,214141.32,214284.76,214428.2,214667.1,214761.6,214917.6,215298.9,215609.2,215966.833
Middle East & North Africa (IDA & IBRD countries),TMN,191010.169,191304.772,191599.375,191893.978,192188.581,192483.185,192777.788,193072.391,193366.994,193661.597,193956.2,195921.73,197887.26,199852.79,201818.32,203783.85,205749.38,207714.91,209680.44,211645.97,213611.5,213754.56,213897.62,214040.68,214183.74,214326.8,214565.7,214660.2,214816.2,215197.5,215507.8,215865.433
Middle income,MIC,,,27801435.81,27735783.94,27670132.07,27604480.2,27538828.33,27473176.46,27407524.59,27341872.72,27276220.85,27233642.23,27191063.6,27148484.98,27105906.36,27063327.73,27054333.11,27012208.49,26970083.86,26927959.24,26885834.61,26848166.28,26810497.93,26772829.59,26735161.26,26697492.92,26675421.2,26628803.68,26598815.46,26566669.5,26535408.8,26503557.93
North America,NAC,6507239.3,6507854.34,6508469.38,6509084.42,6509699.46,6510314.5,6510929.54,6511544.58,6512159.62,6512774.66,6513389.7,6518093.94,6522798.18,6527502.42,6532206.66,6536910.9,6541615.14,6546319.38,6551023.62,6555727.86,6560432.1,6562769.1,6565106.1,6567443.1,6569780.1,6572117.1,6571720.4,6568350.5,6567980.7,6567610.8,6567241,6566871.133
OECD members,OED,11348539.61,11350400.47,11437822.31,11485243.56,11487332.2,11489420.85,11491509.5,11493598.15,11495686.8,11497775.45,11507404.1,11512746.27,11518088.44,11523430.62,11528772.79,11534114.96,11539457.14,11544799.31,11550141.48,11555483.66,11560825.83,11573194.09,11585562.35,11597930.61,11610298.87,11622667.13,11631555.2,11629150.3,11630163.6,11631360.5,11632704,11633949.77
Other small states,OSS,614411.1,612356.434,632426.748,630405.072,628383.396,626361.72,624340.044,622318.368,620296.692,618275.016,616253.34,614272.916,612292.492,610312.068,608331.644,606351.22,611836.796,610057.372,608277.948,606498.524,604719.1,602668.88,600618.66,598568.44,596518.22,594468,592247.9,590206.8,587984.7,585765.2,583546.3,581326.999
Pacific island small states,PSS,41141.6,42309.26,42365.62,42421.98,42478.34,42534.7,42591.06,42647.42,42703.78,42760.14,42816.5,42872.38,42928.26,42984.14,43040.02,43095.9,43151.78,43207.66,43263.54,43319.42,43375.3,43431.04,43486.78,43542.52,43598.26,43654,43709.9,43765.7,43821.6,43877.4,43933.2,43989
Post-demographic dividend,PST,9572911.179,9578366.325,9827862.769,9860421.375,9866670.039,9872918.705,9879167.371,9885416.035,9891664.701,9897913.365,9911702.031,9919212.5,9926722.971,9934233.441,9941743.912,9949254.382,9956764.852,9964275.323,9971785.793,9979296.264,9986806.734,9999287.936,10011769.14,10024250.34,10036731.54,10049212.74,10061358.06,10059915.98,10061410.6,10063077.2,10064890.9,10066606.53
Pre-demographic dividend,PRE,6173424.8,6145305.624,6117186.448,6100473.072,6072322.296,6044171.52,6016020.744,5987869.968,5959719.192,5931568.416,5903417.64,5873261.276,5843104.912,5812948.548,5782792.184,5752635.82,5722479.456,5692323.092,5662166.728,5632010.364,5601854,5566366.88,5530879.76,5495392.64,5459905.52,5424418.4,5387374.479,5351162,5315324.18,5278468.2,5242008.6,5205284.746
Small states,SST,1025525.1,1024414.624,1044317.828,1042129.042,1039940.256,1037751.47,1035562.684,1033373.898,1031185.112,1028996.326,1026807.54,1024761.966,1022716.392,1020670.818,1018625.244,1016579.67,1022000.096,1020155.522,1018310.948,1016466.374,1014621.8,1012330.04,1010038.28,1007746.52,1005454.76,1003163,1000715.7,998487.8,996029.7,993573.7,991118.7,988663.031
South Asia,SAS,825834.3,829035.898,832237.496,835439.094,838640.692,841842.29,845043.889,848245.487,851447.085,854648.683,857850.281,859523.525,861196.769,862870.013,864543.257,866216.501,867889.745,869562.989,871236.233,872909.476,874582.72,876984.756,879386.792,881788.828,884190.864,886592.9,888601.5,891070.5,893309.3,895548.1,897786.9,900025.7
South Asia (IDA & IBRD),TSA,825834.3,829035.898,832237.496,835439.094,838640.692,841842.29,845043.889,848245.487,851447.085,854648.683,857850.281,859523.525,861196.769,862870.013,864543.257,866216.501,867889.745,869562.989,871236.233,872909.476,874582.72,876984.756,879386.792,881788.828,884190.864,886592.9,888601.5,891070.5,893309.3,895548.1,897786.9,900025.7
Sub-Saharan Africa,SSF,7339644.5,7306915.748,7274186.996,7241458.244,7208729.492,7176000.74,7143271.988,7110543.236,7077814.484,7045085.732,7012356.98,6977792.902,6943228.824,6908664.746,6874100.668,6839536.59,6804972.512,6770408.434,6735844.356,6701280.278,6666716.2,6627570.26,6588424.32,6549278.38,6510132.44,6470986.5,6430836.879,6391509.3,6352213.38,6311896.3,6271975.7,6231790.779
Sub-Saharan Africa (excluding high income),SSA,7339307.5,7306578.748,7273849.996,7241121.244,7208392.492,7175663.74,7142934.988,7110206.236,7077477.484,7044748.732,7012019.98,6977455.902,6942891.824,6908327.746,6873763.668,6839199.59,6804635.512,6770071.434,6735507.356,6700943.278,6666379.2,6627233.26,6588087.32,6548941.38,6509795.44,6470649.5,6430499.879,6391172.3,6351876.38,6311559.3,6271638.7,6231453.779
Sub-Saharan Africa (IDA & IBRD countries),TSS,7339644.5,7306915.748,7274186.996,7241458.244,7208729.492,7176000.74,7143271.988,7110543.236,7077814.484,7045085.732,7012356.98,6977792.902,6943228.824,6908664.746,6874100.668,6839536.59,6804972.512,6770408.434,6735844.356,6701280.278,6666716.2,6627570.26,6588424.32,6549278.38,6510132.44,6470986.5,6430836.879,6391509.3,6352213.38,6311896.3,6271975.7,6231790.779
Upper middle income,UMC,,,21415487.26,21366920.36,21318353.47,21269786.57,21221219.68,21172652.78,21124085.89,21075518.99,21026952.1,21003139.98,20979327.87,20955515.75,20931703.64,20907891.52,20917663.4,20894305.29,20870947.17,20847589.06,20824230.94,20808379.38,20792527.81,20776676.24,20760824.67,20744973.11,20742511.62,20717885.57,20709726.46,20699281,20689597.8,20679406.43
World,WLD,,,42034236.56,42001089.88,41922610.6,41844131.32,41765652.05,41687172.76,41608693.48,41530214.2,41459274.92,41407133.15,41354991.39,41302849.62,41250707.85,41198566.08,41180008.31,41128320.55,41076632.78,41024945.01,40973257.24,40928402.13,40883530.21,40838658.29,40793786.38,40748914.46,40716299.76,40647868.96,40599554.24,40548781.9,40499687.7,40449474.74
